{
  "train_loss": [
    0.5121360027787663,
    0.3921603122287968,
    0.3080546320050311,
    0.2462935370554617,
    0.2066107408767658,
    0.18057594333854127,
    0.16325555802333266,
    0.1495164370620441,
    0.13664057420394818,
    0.12514378729731584,
    0.12304828944160041,
    0.11710917643109114
  ],
  "train_acc": [
    0.7578361599030891,
    0.8318695739955583,
    0.8757192610539067,
    0.9004517464163133,
    0.919442761962447,
    0.9316701998788613,
    0.9379416515243287,
    0.9448945083787603,
    0.9484529578033515,
    0.9522511609125782,
    0.9539799111649505,
    0.9565541086210377
  ],
  "val_loss": [
    0.29418536668233153,
    0.24265920008017103,
    0.25054680610499597,
    0.12030022450386209,
    0.043357711415762015,
    0.029004279938085718,
    0.019222351798836357,
    0.013102171638389526,
    0.01804316836922628,
    0.016198321963805277,
    0.013168556927933608,
    0.013003088212555651
  ],
  "val_acc": [
    0.8848860900166697,
    0.8971105760325986,
    0.8995184293387665,
    0.9528616410446379,
    0.9865715873309873,
    0.9903685867753288,
    0.9938877569920356,
    0.9952769031302093,
    0.9943508057047601,
    0.9949990739025746,
    0.9952769031302093,
    0.9959251713280237
  ],
  "val_eer": [
    0.10611111111008784,
    0.07373101148573541,
    0.04612819562801042,
    0.016296296295409532,
    0.011851851851065668,
    0.008336420896628243,
    0.005740740741880504,
    0.004444444445309478,
    0.004631344942571308,
    0.0033345683587344237,
    0.002778806965541093,
    0.003333333333961504
  ]
}